type,key,latency_ms,status_code,stale,version,rw_interval_ms
read,key-4,71.54,200,false,17,0.00
read,key-8,71.54,200,false,10,0.00
read,key-7,72.64,200,false,8,0.00
read,key-3,72.64,200,false,13,0.00
read,key-15,89.09,200,false,15,0.00
read,key-5,94.06,200,false,11,0.00
read,key-2,50.80,200,false,5,0.00
write,key-12,126.52,201,false,13,0.00
write,key-15,127.09,201,false,15,0.00
write,key-11,129.60,201,false,10,0.00
write,key-0,130.12,201,false,13,0.00
write,key-16,132.42,201,false,5,0.00
write,key-1,131.88,201,false,9,0.00
write,key-18,135.24,201,false,6,0.00
write,key-5,139.14,201,false,10,0.00
write,key-10,139.14,201,false,16,0.00
write,key-5,140.75,201,false,11,0.00
write,key-19,145.21,201,false,19,0.00
write,key-6,145.21,201,false,9,0.00
write,key-14,147.94,201,false,8,0.00
write,key-8,147.94,201,false,11,0.00
write,key-12,103.22,201,false,14,0.00
read,key-15,50.92,200,false,15,50.92
write,key-1,107.24,201,false,10,0.00
read,key-10,51.65,200,false,16,42.63
read,key-15,54.68,200,false,15,55.23
write,key-9,111.32,201,false,19,0.00
read,key-12,52.08,200,false,14,9.19
write,key-17,102.04,201,false,7,0.00
read,key-17,57.93,200,false,7,2.59
write,key-8,101.66,201,false,12,0.00
read,key-9,57.09,200,false,19,12.27
read,key-2,54.69,200,false,5,0.00
read,key-6,54.15,200,false,9,57.43
write,key-16,104.56,201,false,6,0.00
write,key-1,102.53,201,false,11,0.00
read,key-13,52.26,200,false,17,0.00
read,key-14,58.62,200,false,8,90.57
write,key-8,106.09,201,false,13,0.00
read,key-3,57.29,200,false,13,0.00
read,key-0,52.48,200,false,13,113.49
write,key-5,105.55,201,false,12,0.00
write,key-16,107.17,201,false,7,0.00
read,key-0,56.41,200,false,13,120.02
write,key-0,104.92,201,false,14,0.00
write,key-19,104.39,201,false,20,0.00
read,key-0,56.87,200,false,14,6.64
write,key-16,102.98,201,false,8,0.00
write,key-16,103.62,201,false,9,0.00
write,key-12,104.33,201,false,15,0.00
read,key-18,55.31,200,false,6,153.55
read,key-4,51.91,200,false,17,0.00
read,key-7,62.96,200,false,8,0.00
read,key-16,52.87,200,false,9,10.31
write,key-5,110.03,201,false,13,0.00
read,key-0,57.31,200,false,14,46.78
write,key-9,102.20,201,false,20,0.00
write,key-9,103.39,201,false,21,0.00
read,key-7,53.35,200,false,8,0.00
write,key-12,102.49,201,false,16,0.00
read,key-17,56.64,200,false,7,116.20
read,key-3,53.32,200,false,13,0.00
write,key-8,107.15,201,false,14,0.00
read,key-16,53.89,200,false,9,61.07
read,key-18,53.40,200,false,6,208.02
write,key-15,102.38,201,false,16,0.00
read,key-19,67.62,200,false,20,93.98
read,key-10,51.77,200,false,16,207.16
write,key-18,103.85,201,false,7,0.00
read,key-12,52.26,200,false,16,45.56
write,key-5,108.09,201,false,14,0.00
read,key-7,51.99,200,false,8,0.00
read,key-17,52.61,200,false,7,166.61
write,key-8,106.97,201,false,15,0.00
read,key-15,59.66,200,false,16,13.81
read,key-18,59.24,200,false,7,16.41
read,key-13,56.47,200,false,17,0.00
write,key-19,103.23,201,false,21,0.00
write,key-8,103.95,201,false,16,0.00
read,key-7,53.50,200,false,8,0.00
read,key-7,52.27,200,false,8,0.00
write,key-17,103.02,201,false,8,0.00
write,key-0,104.55,201,false,15,0.00
read,key-13,50.88,200,false,17,0.00
read,key-7,52.04,200,false,8,0.00
write,key-9,106.98,201,false,22,0.00
read,key-6,51.26,200,false,9,272.62
read,key-7,64.25,200,false,8,0.00
read,key-13,51.78,200,false,17,0.00
write,key-1,102.75,201,false,12,0.00
read,key-10,52.25,200,false,16,310.29
write,key-19,103.44,201,false,22,0.00
read,key-0,56.14,200,false,15,55.02
read,key-4,59.67,200,false,17,0.00
write,key-9,112.26,201,false,23,0.00
write,key-16,109.50,201,false,10,0.00
read,key-9,60.19,200,false,24,3.83
write,key-3,108.00,201,false,14,0.00
write,key-15,109.77,201,false,17,0.00
write,key-0,112.03,201,false,16,0.00
write,key-14,113.97,201,false,9,0.00
read,key-14,50.85,200,false,9,1.70
write,key-1,109.44,201,false,13,0.00
read,key-2,51.95,200,false,5,0.00
write,key-2,104.99,201,false,6,0.00
write,key-14,106.12,201,false,10,0.00
write,key-3,106.66,201,false,15,0.00
read,key-16,52.19,200,false,10,41.43
read,key-7,53.88,200,false,8,0.00
read,key-17,53.14,200,false,8,112.81
write,key-9,105.05,201,false,24,0.00
read,key-14,51.04,200,false,10,12.35
read,key-6,51.58,200,false,9,368.76
read,key-5,52.79,200,false,14,166.42
read,key-7,52.12,200,false,8,0.00
write,key-10,109.24,201,false,17,0.00
read,key-12,53.80,200,false,16,224.15
read,key-0,52.47,200,false,16,74.62
write,key-19,109.21,201,false,23,0.00
write,key-16,106.92,201,false,11,0.00
read,key-11,58.71,200,false,10,430.23
read,key-13,59.27,200,false,17,0.00
write,key-18,104.53,201,false,8,0.00
read,key-11,66.45,200,false,10,434.62
read,key-11,58.13,200,false,10,440.11
write,key-14,111.66,201,false,11,0.00
read,key-15,52.73,200,false,17,106.04
write,key-8,112.20,201,false,17,0.00
read,key-3,55.35,200,false,15,79.62
write,key-1,105.77,201,false,14,0.00
read,key-16,57.60,200,false,11,30.39
write,key-17,109.29,201,false,9,0.00
read,key-10,53.76,200,false,17,84.26
write,key-14,105.29,201,false,12,0.00
write,key-19,104.12,201,false,24,0.00
read,key-6,55.52,200,false,9,471.20
write,key-8,105.77,201,false,18,0.00
write,key-12,108.58,201,false,17,0.00
read,key-19,58.90,200,false,24,10.57
write,key-4,103.54,201,false,18,0.00
read,key-17,51.56,200,false,9,20.90
read,key-1,68.04,200,false,14,68.04
write,key-12,111.32,201,false,18,0.00
read,key-9,66.55,200,false,25,145.02
read,key-16,52.05,200,false,11,105.39
write,key-15,103.78,201,false,18,0.00
write,key-7,112.67,201,false,9,0.00
write,key-15,103.70,201,false,19,0.00
read,key-7,56.45,200,false,9,1.09
read,key-2,52.01,200,false,6,176.81
write,key-9,111.68,201,false,25,0.00
write,key-1,112.24,201,false,15,0.00
read,key-7,53.26,200,false,9,16.10
write,key-3,119.07,201,false,16,0.00
write,key-16,129.71,201,false,12,0.00
read,key-10,52.18,200,false,17,189.81
write,key-9,105.49,201,false,26,0.00
read,key-14,51.85,200,false,13,107.22
write,key-14,108.96,201,false,13,0.00
read,key-6,53.01,200,false,9,577.32
read,key-12,52.78,200,false,18,74.41
write,key-13,109.84,201,false,18,0.00
write,key-17,106.58,201,false,10,0.00
write,key-0,117.03,201,false,17,0.00
read,key-9,52.56,200,false,26,16.47
write,key-3,105.28,201,false,17,0.00
read,key-19,51.50,200,false,24,138.75
write,key-16,103.07,201,false,13,0.00
write,key-14,108.38,201,false,14,0.00
write,key-4,112.35,201,false,19,0.00
read,key-14,51.17,200,false,14,8.82
read,key-10,50.98,200,false,18,244.20
write,key-10,109.40,201,false,18,0.00
write,key-18,104.52,201,false,9,0.00
read,key-6,56.70,200,false,10,631.06
read,key-15,59.93,200,false,19,111.78
read,key-3,53.78,200,false,17,47.44
write,key-6,104.24,201,false,10,0.00
read,key-7,51.66,200,false,9,118.25
read,key-12,55.44,200,false,18,135.44
write,key-3,107.42,201,false,18,0.00
read,key-18,57.50,200,false,9,21.10
write,key-13,105.21,201,false,19,0.00
read,key-10,56.65,200,false,18,37.18
read,key-0,57.38,200,false,17,83.16
read,key-16,51.72,200,false,13,65.94
read,key-19,52.15,200,false,24,212.04
write,key-10,107.24,201,false,19,0.00
write,key-1,104.67,201,false,16,0.00
write,key-17,105.16,201,false,11,0.00
read,key-17,52.48,200,false,11,2.26
read,key-9,57.44,200,false,26,119.11
read,key-8,50.98,200,false,18,218.46
read,key-4,52.85,200,false,19,81.10
write,key-2,108.67,201,false,7,0.00
write,key-4,103.64,201,false,20,0.00
read,key-17,53.41,200,false,11,36.35
write,key-8,105.88,201,false,19,0.00
write,key-10,106.16,201,false,20,0.00
read,key-9,54.57,200,false,26,161.12
write,key-18,104.94,201,false,10,0.00
read,key-10,52.01,200,false,20,4.35
read,key-14,57.84,200,false,14,131.15
write,key-18,104.24,201,false,11,0.00
read,key-8,56.17,200,false,19,16.45
write,key-6,104.56,201,false,11,0.00
write,key-15,104.86,201,false,20,0.00
write,key-9,105.78,201,false,27,0.00
write,key-7,105.78,201,false,10,0.00
read,key-16,54.70,200,false,13,166.54
read,key-15,54.55,200,false,20,28.30
write,key-19,103.31,201,false,25,0.00
read,key-5,52.20,200,false,14,577.48
read,key-9,53.48,200,false,27,20.47
read,key-14,52.63,200,false,14,183.78
read,key-3,54.39,200,false,18,152.81
write,key-1,109.02,201,false,17,0.00
write,key-12,108.39,201,false,19,0.00
write,key-4,111.56,201,false,21,0.00
write,key-12,109.95,201,false,20,0.00
write,key-19,103.82,201,false,26,0.00
read,key-4,54.93,200,false,21,28.70
write,key-19,106.18,201,false,27,0.00
read,key-1,54.38,200,false,17,36.83
write,key-6,106.44,201,false,12,0.00
write,key-3,106.03,201,false,19,0.00
write,key-3,105.28,201,false,20,0.00
read,key-4,50.89,200,false,21,45.27
write,key-3,105.69,201,false,21,0.00
write,key-11,105.31,201,false,11,0.00
read,key-14,53.38,200,false,14,251.01
write,key-9,104.82,201,false,28,0.00
write,key-2,104.82,201,false,8,0.00
write,key-7,102.90,201,false,11,0.00
write,key-1,104.66,201,false,18,0.00
read,key-0,52.11,200,false,17,305.90
read,key-7,55.48,200,false,11,11.33
read,key-17,57.02,200,false,11,205.13
write,key-11,109.86,201,false,12,0.00
read,key-17,55.22,200,false,11,216.66
write,key-10,110.64,201,false,21,0.00
read,key-8,51.52,200,false,19,179.72
write,key-12,108.69,201,false,21,0.00
write,key-10,108.66,201,false,22,0.00
write,key-9,113.53,201,false,29,0.00
read,key-5,50.98,200,false,14,706.82
write,key-4,106.34,201,false,22,0.00
write,key-12,104.12,201,false,22,0.00
write,key-16,107.78,201,false,14,0.00
read,key-3,52.33,200,false,21,92.54
write,key-0,105.74,201,false,18,0.00
read,key-18,51.40,200,false,11,214.67
write,key-1,105.91,201,false,19,0.00
read,key-10,51.40,200,false,22,46.01
read,key-2,50.68,200,false,8,92.23
write,key-17,105.49,201,false,12,0.00
write,key-10,105.49,201,false,23,0.00
read,key-11,51.85,200,false,12,83.24
write,key-14,107.05,201,false,15,0.00
write,key-13,103.73,201,false,20,0.00
write,key-1,106.54,201,false,20,0.00
write,key-15,104.43,201,false,21,0.00
write,key-0,113.62,201,false,19,0.00
read,key-9,52.11,200,false,29,93.37
read,key-4,54.24,200,false,22,81.76
write,key-6,107.14,201,false,13,0.00
write,key-12,111.03,201,false,23,0.00
write,key-8,104.52,201,false,20,0.00
read,key-18,59.06,200,false,11,274.29
write,key-12,109.11,201,false,24,0.00
read,key-15,67.81,200,false,21,22.29
read,key-15,52.16,200,false,21,30.97
write,key-8,105.82,201,false,21,0.00
read,key-12,67.95,200,false,24,22.72
write,key-11,105.16,201,false,13,0.00
read,key-0,53.23,200,false,19,43.22
write,key-10,105.62,201,false,24,0.00
read,key-5,53.63,200,false,14,849.80
read,key-8,69.68,200,false,21,15.72
read,key-9,53.67,200,false,29,155.44
read,key-18,64.17,200,false,11,327.30
write,key-17,107.61,201,false,13,0.00
read,key-1,67.11,200,false,20,85.52
write,key-14,105.55,201,false,16,0.00
read,key-18,55.05,200,false,11,357.72
write,key-15,107.28,201,false,22,0.00
read,key-2,51.44,200,false,8,236.03
read,key-3,52.68,200,false,21,258.28
write,key-2,105.73,201,false,9,0.00
write,key-9,107.34,201,false,30,0.00
write,key-0,101.96,201,false,20,0.00
write,key-7,106.52,201,false,12,0.00
read,key-7,52.87,200,true,11,1.68
write,key-15,105.31,201,false,23,0.00
read,key-14,51.30,200,false,16,51.30
write,key-15,116.09,201,false,24,0.00
write,key-1,106.77,201,false,21,0.00
write,key-4,119.32,201,false,23,0.00
write,key-5,106.37,201,false,15,0.00
write,key-5,113.34,201,false,16,0.00
read,key-8,55.61,200,false,21,117.37
read,key-11,53.90,200,false,13,118.27
write,key-4,114.59,201,false,24,0.00
read,key-19,52.76,200,false,27,339.28
read,key-3,52.76,200,false,21,320.25
write,key-16,104.36,201,false,15,0.00
read,key-10,52.10,200,false,24,125.44
write,key-12,105.62,201,false,25,0.00
read,key-3,54.83,200,false,21,332.41
read,key-0,62.69,200,false,20,68.37
write,key-16,106.51,201,false,16,0.00
read,key-9,54.68,200,false,30,69.99
read,key-9,51.05,200,false,30,73.95
write,key-19,102.69,201,false,28,0.00
write,key-11,105.00,201,false,14,0.00
read,key-13,51.73,200,false,20,220.10
read,key-19,59.93,200,false,28,12.82
read,key-9,53.42,200,false,30,98.11
write,key-11,105.50,201,false,15,0.00
read,key-13,51.50,200,false,20,230.75
read,key-14,52.14,200,false,16,144.79
write,key-18,103.71,201,false,12,0.00
read,key-13,51.57,200,false,20,258.86
write,key-0,103.21,201,false,21,0.00
write,key-2,102.89,201,false,10,0.00
write,key-1,105.10,201,false,22,0.00
read,key-14,52.49,200,false,16,182.49
read,key-3,52.55,200,false,21,418.15
read,key-16,56.51,200,false,16,84.58
write,key-5,104.17,201,false,17,0.00
write,key-1,104.71,201,false,23,0.00
read,key-8,51.46,200,false,21,237.88
read,key-15,60.48,200,false,24,145.77
write,key-9,103.17,201,false,31,0.00
write,key-18,114.22,201,false,13,0.00
write,key-8,102.68,201,false,22,0.00
write,key-10,103.30,201,false,25,0.00
write,key-7,104.45,201,false,13,0.00
write,key-16,106.93,201,false,17,0.00
read,key-10,51.28,200,false,25,10.87
read,key-18,52.10,200,false,13,26.66
read,key-0,51.08,200,false,21,59.60
write,key-14,101.74,201,false,17,0.00
write,key-9,103.65,201,false,32,0.00
read,key-13,51.11,200,false,20,327.72
read,key-10,51.88,200,false,25,36.07
read,key-16,51.83,200,false,17,39.58
read,key-13,52.37,200,false,20,343.60
read,key-5,51.62,200,false,17,65.74
read,key-11,54.59,200,false,16,125.13
read,key-15,51.94,200,false,24,213.78
write,key-4,102.63,201,false,25,0.00
write,key-15,104.90,201,false,25,0.00
write,key-15,104.93,201,false,26,0.00
write,key-16,103.61,201,false,18,0.00
read,key-18,52.06,200,false,13,89.15
write,key-2,103.43,201,false,11,0.00
read,key-6,53.85,200,false,14,367.93
write,key-11,103.53,201,false,16,0.00
read,key-4,50.99,200,false,25,30.83
read,key-10,50.99,200,false,25,98.16
read,key-10,51.53,200,false,25,100.92
read,key-13,55.09,200,false,20,401.47
write,key-7,103.90,201,false,14,0.00
write,key-4,105.05,201,false,26,0.00
write,key-6,103.78,201,false,14,0.00
read,key-15,51.34,200,false,26,42.17
write,key-17,103.24,201,false,14,0.00
write,key-11,103.21,201,false,17,0.00
write,key-9,103.45,201,false,33,0.00
write,key-1,111.01,201,false,24,0.00
read,key-14,52.16,200,false,17,113.81
read,key-17,54.31,200,false,14,27.20
read,key-18,57.10,200,false,13,160.46
read,key-6,51.89,200,false,14,45.57
read,key-9,51.89,200,false,33,25.02
read,key-10,58.32,200,false,25,159.24
write,key-7,101.46,201,false,15,0.00
read,key-18,55.52,200,false,13,172.09
read,key-4,51.09,200,false,26,65.27
write,key-2,104.14,201,false,12,0.00
read,key-9,53.42,200,false,33,46.77
write,key-15,102.75,201,false,27,0.00
write,key-1,103.82,201,false,25,0.00
write,key-5,102.70,201,false,18,0.00
read,key-14,56.41,200,false,17,162.91
write,key-5,101.89,201,false,19,0.00
write,key-7,104.09,201,false,16,0.00
write,key-8,103.42,201,false,23,0.00
read,key-9,51.95,200,false,33,99.28
write,key-3,103.69,201,false,22,0.00
read,key-2,51.23,200,false,12,65.11
read,key-19,52.37,200,false,28,329.84
write,key-15,103.73,201,false,28,0.00
write,key-2,104.70,201,false,13,0.00
write,key-18,102.31,201,false,14,0.00
write,key-16,102.15,201,false,19,0.00
write,key-18,107.83,201,false,15,0.00
write,key-8,107.89,201,false,24,0.00
write,key-2,109.79,201,false,14,0.00
write,key-5,104.72,201,false,20,0.00
write,key-17,105.39,201,false,15,0.00
write,key-1,110.01,201,false,26,0.00
write,key-19,106.60,201,false,29,0.00
write,key-14,102.15,201,false,18,0.00
write,key-0,103.19,201,false,22,0.00
read,key-15,51.39,200,false,28,52.03
write,key-9,102.64,201,false,34,0.00
write,key-4,103.28,201,false,27,0.00
read,key-17,52.04,200,false,15,31.11
write,key-10,103.83,201,false,26,0.00
read,key-10,51.54,200,false,26,0.64
read,key-11,51.20,200,false,17,190.43
read,key-7,54.67,200,false,17,129.06
read,key-9,59.66,200,false,34,40.37
read,key-13,57.30,200,false,20,631.79
write,key-12,104.17,201,false,26,0.00
write,key-7,105.16,201,false,17,0.00
write,key-19,107.87,201,false,30,0.00
write,key-15,103.75,201,false,29,0.00
write,key-4,103.88,201,false,28,0.00
read,key-14,52.82,200,false,18,66.97
read,key-16,51.46,200,false,19,88.41
read,key-0,52.05,200,false,22,74.50
read,key-11,51.41,200,false,17,236.84
write,key-5,104.11,201,false,21,0.00
write,key-17,103.31,201,false,16,0.00
write,key-15,102.82,201,false,30,0.00
write,key-10,103.54,201,false,27,0.00
read,key-15,51.82,200,false,30,6.89
read,key-0,52.43,200,false,22,99.58
write,key-5,102.86,201,false,22,0.00
read,key-8,57.33,200,false,24,127.87
write,key-5,103.22,201,false,23,0.00
read,key-9,51.62,200,false,34,104.43
read,key-3,55.35,200,false,22,171.97
write,key-18,104.28,201,false,16,0.00
read,key-14,51.65,200,false,18,135.71
read,key-16,50.99,200,false,19,156.79
write,key-15,103.83,201,false,31,0.00
write,key-12,101.65,201,false,27,0.00
read,key-3,58.30,200,false,22,195.81
write,key-14,102.25,201,false,19,0.00
read,key-19,50.98,200,false,30,93.22
write,key-15,102.78,201,false,32,0.00
write,key-9,102.78,201,false,35,0.00
write,key-5,107.97,201,false,24,0.00
read,key-17,55.74,200,false,16,90.77
read,key-6,50.35,200,false,14,350.08
write,key-8,111.12,201,false,25,0.00
read,key-17,51.75,200,false,16,110.61
write,key-4,103.91,201,false,29,0.00
write,key-18,102.81,201,false,17,0.00
write,key-9,103.57,201,false,36,0.00
write,key-8,103.10,201,false,26,0.00
read,key-6,51.99,200,false,14,388.36
read,key-3,51.99,200,false,22,268.53
write,key-1,107.03,201,false,27,0.00
write,key-10,106.67,201,false,28,0.00
write,key-3,103.18,201,false,23,0.00
read,key-19,51.82,200,false,30,164.63
read,key-19,51.24,200,false,30,165.18
write,key-17,102.00,201,false,17,0.00
write,key-6,103.39,201,false,15,0.00
write,key-19,103.13,201,false,31,0.00
read,key-12,51.70,200,false,27,101.86
write,key-7,102.40,201,false,18,0.00
read,key-13,51.79,200,false,20,826.97
read,key-18,53.58,200,false,17,53.58
write,key-2,103.14,201,false,15,0.00
write,key-19,107.15,201,false,32,0.00
read,key-17,51.19,200,false,17,32.37
read,key-13,55.12,200,false,20,847.35
read,key-16,51.71,200,false,19,292.93
read,key-6,56.79,200,false,15,34.95
read,key-10,58.50,200,false,28,55.61
read,key-18,51.42,200,false,17,74.38
read,key-16,53.18,200,false,19,301.38
write,key-3,103.72,201,false,24,0.00
read,key-2,51.32,200,false,15,38.26
write,key-10,103.54,201,false,29,0.00
read,key-5,51.43,200,false,24,134.43
read,key-4,51.43,200,false,29,107.99
write,key-14,102.69,201,false,20,0.00
read,key-6,51.51,200,false,15,75.83
write,key-5,104.97,201,false,25,0.00
read,key-0,50.57,200,false,22,322.30
read,key-11,56.40,200,false,17,494.06
write,key-11,103.02,201,false,18,0.00
write,key-5,102.44,201,false,26,0.00
write,key-0,102.92,201,false,23,0.00
read,key-16,51.02,200,false,19,368.66
write,key-14,102.88,201,false,21,0.00
write,key-11,103.69,201,false,19,0.00
read,key-14,51.69,200,false,21,19.04
read,key-7,53.37,200,false,19,121.93
write,key-7,103.84,201,false,19,0.00
write,key-14,106.66,201,false,22,0.00
write,key-1,110.06,201,false,28,0.00
write,key-5,106.69,201,false,27,0.00
write,key-17,102.69,201,false,18,0.00
write,key-14,109.65,201,false,23,0.00
read,key-8,51.46,200,false,26,177.23
read,key-2,54.02,200,false,15,137.26
read,key-19,50.77,200,false,32,133.26
read,key-5,52.94,200,false,27,19.77
read,key-0,51.56,200,false,23,57.97
write,key-0,102.99,201,false,24,0.00
write,key-4,102.96,201,false,30,0.00
write,key-3,105.83,201,false,25,0.00
read,key-0,52.90,200,false,24,11.24
write,key-1,103.20,201,false,29,0.00
read,key-4,50.85,200,false,30,18.91
write,key-3,102.49,201,false,26,0.00
write,key-11,103.77,201,false,20,0.00
read,key-5,51.21,200,false,27,66.03
read,key-0,51.20,200,false,24,38.49
write,key-11,102.56,201,false,21,0.00
read,key-15,52.96,200,false,32,291.01
read,key-10,51.88,200,false,29,154.87
read,key-13,51.15,200,false,20,1042.73
write,key-8,102.24,201,false,27,0.00
write,key-12,103.92,201,false,28,0.00
write,key-0,102.15,201,false,25,0.00
write,key-3,102.15,201,false,27,0.00
read,key-1,54.05,200,false,29,54.05
read,key-13,51.50,200,false,20,1062.56
write,key-0,103.54,201,false,26,0.00
write,key-9,102.22,201,false,37,0.00
write,key-5,102.24,201,false,28,0.00
read,key-6,51.58,200,false,15,255.75
read,key-0,50.15,200,false,26,10.38
write,key-3,102.00,201,false,28,0.00
read,key-17,51.13,200,false,18,124.42
write,key-11,103.44,201,false,22,0.00
write,key-17,101.73,201,false,19,0.00
read,key-17,51.11,200,false,19,5.53
read,key-9,53.29,200,false,38,46.95
read,key-16,50.91,200,false,19,555.65
read,key-9,52.20,200,false,38,46.95
write,key-9,102.98,201,false,38,0.00
read,key-0,57.67,200,false,26,59.30
write,key-12,102.84,201,false,29,0.00
read,key-5,54.38,200,false,28,58.50
write,key-6,101.74,201,false,16,0.00
read,key-17,50.87,200,false,19,36.48
write,key-12,101.41,201,false,30,0.00
write,key-2,102.25,201,false,16,0.00
write,key-19,102.97,201,false,33,0.00
read,key-15,51.14,200,false,32,407.66
write,key-14,102.58,201,false,24,0.00
read,key-19,50.99,200,false,33,13.73
read,key-2,51.55,200,false,16,20.03
write,key-2,102.49,201,false,17,0.00
write,key-8,103.88,201,false,28,0.00
write,key-18,102.39,201,false,18,0.00
read,key-11,52.10,200,false,22,84.40
write,key-13,103.12,201,false,21,0.00
read,key-14,53.82,200,false,24,23.14
read,key-12,50.97,200,false,30,47.13
write,key-2,103.81,201,false,18,0.00
write,key-15,101.65,201,false,33,0.00
write,key-14,101.65,201,false,25,0.00
read,key-0,51.49,200,false,26,151.07
write,key-2,103.03,201,false,19,0.00
read,key-17,50.77,200,false,19,118.58
read,key-7,51.40,200,false,19,275.79
read,key-10,54.69,200,false,29,346.09
write,key-11,106.09,201,false,23,0.00
write,key-17,103.08,201,false,20,0.00
write,key-8,103.20,201,false,29,0.00
write,key-17,102.61,201,false,21,0.00
write,key-19,102.41,201,false,34,0.00
write,key-19,102.57,201,false,35,0.00
read,key-5,51.10,200,false,28,189.08
write,key-15,103.47,201,false,34,0.00
read,key-19,51.51,200,false,35,13.62
read,key-15,51.51,200,false,34,2.30
read,key-14,53.42,200,false,26,53.42
write,key-14,106.92,201,false,26,0.00
read,key-10,50.90,200,false,29,396.99
read,key-0,53.34,200,false,26,218.73
write,key-12,103.06,201,false,31,0.00
read,key-12,54.34,200,false,32,0.55
write,key-12,103.08,201,false,32,0.00
write,key-3,103.04,201,false,29,0.00
write,key-9,106.00,201,false,39,0.00
read,key-7,51.24,200,false,19,347.64
write,key-9,102.72,201,false,40,0.00
read,key-1,52.39,200,false,29,298.31
read,key-17,51.23,200,false,21,72.16
write,key-7,102.16,201,false,20,0.00
read,key-10,56.75,200,false,30,440.55
read,key-14,54.45,200,false,26,54.99
write,key-5,101.63,201,false,29,0.00
read,key-9,51.95,200,false,40,36.47
read,key-0,57.72,200,false,26,278.21
write,key-19,102.89,201,false,36,0.00
read,key-1,50.70,200,false,29,342.31
read,key-11,51.59,200,false,23,125.19
write,key-5,102.71,201,false,30,0.00
write,key-8,103.24,201,false,30,0.00
write,key-15,103.08,201,false,35,0.00
write,key-10,101.29,201,false,30,0.00
read,key-10,51.25,200,false,30,1.70
read,key-5,52.89,200,false,30,17.22
write,key-19,102.49,201,false,37,0.00
write,key-6,102.85,201,false,17,0.00
write,key-7,102.18,201,false,21,0.00
read,key-15,50.38,200,false,35,21.96
write,key-19,102.33,201,false,38,0.00
read,key-6,51.61,200,false,17,8.24
write,key-3,102.18,201,false,30,0.00
write,key-13,102.18,201,false,22,0.00
read,key-11,51.73,200,false,23,190.22
write,key-6,101.42,201,false,18,0.00
write,key-6,102.31,201,false,19,0.00
write,key-5,102.81,201,false,31,0.00
read,key-0,52.66,200,false,26,372.02
read,key-18,50.55,200,false,18,266.23
read,key-15,52.23,200,false,36,74.19
read,key-18,51.98,200,false,18,272.17
write,key-10,102.84,201,false,31,0.00
write,key-18,106.00,201,false,19,0.00
write,key-13,103.48,201,false,23,0.00
write,key-15,104.04,201,false,36,0.00
write,key-6,102.87,201,false,20,0.00
write,key-2,102.84,201,false,20,0.00
write,key-16,102.85,201,false,20,0.00
write,key-1,101.84,201,false,30,0.00
read,key-3,51.40,200,false,30,86.49
write,key-4,102.86,201,false,31,0.00
read,key-6,53.50,200,false,20,24.06
write,key-10,102.86,201,false,32,0.00
read,key-16,50.79,200,false,20,20.43
write,key-14,101.75,201,false,27,0.00
read,key-0,51.49,200,false,26,434.36
read,key-11,50.40,200,false,23,269.51
write,key-7,102.46,201,false,22,0.00
read,key-10,50.12,200,false,32,19.27
write,key-13,101.97,201,false,24,0.00
read,key-10,53.53,200,false,32,38.19
write,key-13,102.98,201,false,25,0.00
write,key-16,103.22,201,false,21,0.00
read,key-17,53.64,200,false,21,288.85
read,key-16,51.52,200,false,21,9.50
write,key-4,101.24,201,false,32,0.00
read,key-5,51.30,200,false,31,116.89
read,key-13,50.76,200,false,25,20.86
read,key-5,51.86,200,false,31,120.79
write,key-11,102.70,201,false,24,0.00
write,key-19,102.62,201,false,39,0.00
write,key-6,102.52,201,false,21,0.00
write,key-10,102.76,201,false,33,0.00
write,key-18,102.45,201,false,20,0.00
read,key-3,51.22,200,false,30,191.35
write,key-18,102.72,201,false,21,0.00
write,key-19,103.27,201,false,40,0.00
read,key-8,54.48,200,false,30,232.42
write,key-0,102.15,201,false,27,0.00
read,key-4,50.98,200,false,32,59.58
read,key-17,52.02,200,false,21,362.66
write,key-2,102.74,201,false,21,0.00
write,key-8,103.34,201,false,31,0.00
read,key-7,51.72,200,false,22,105.32
read,key-5,50.99,200,false,31,188.99
read,key-13,50.95,200,false,25,96.16
write,key-13,102.84,201,false,26,0.00
read,key-3,51.80,200,false,30,231.79
write,key-3,102.55,201,false,31,0.00
write,key-11,104.23,201,false,25,0.00
write,key-9,107.65,201,false,41,0.00
read,key-12,51.84,200,false,32,357.13
write,key-5,102.47,201,false,32,0.00
write,key-14,102.67,201,false,28,0.00
write,key-6,103.45,201,false,22,0.00
read,key-0,50.15,200,false,27,57.57
read,key-14,51.20,200,false,28,14.30
read,key-16,55.55,200,false,21,133.91
read,key-10,50.72,200,false,33,103.92
write,key-15,103.11,201,false,37,0.00
write,key-10,102.57,201,false,34,0.00
read,key-15,50.73,200,false,37,6.01
read,key-12,50.73,200,false,32,407.86
write,key-10,102.78,201,false,35,0.00
write,key-13,102.78,201,false,27,0.00
read,key-11,50.80,200,false,25,70.89
read,key-1,50.76,200,false,30,239.86
write,key-5,101.96,201,false,33,0.00
write,key-11,102.75,201,false,26,0.00
write,key-13,105.72,201,false,28,0.00
write,key-6,101.99,201,false,23,0.00
write,key-12,105.25,201,false,33,0.00
write,key-5,101.69,201,false,34,0.00
write,key-2,101.58,201,false,22,0.00
write,key-10,102.49,201,false,36,0.00
read,key-15,53.29,200,false,38,59.30
read,key-0,51.93,200,false,27,154.72
write,key-3,102.35,201,false,32,0.00
write,key-11,102.31,201,false,27,0.00
read,key-5,57.10,200,false,34,22.39
read,key-8,51.22,200,false,31,153.18
write,key-17,102.94,201,false,22,0.00
read,key-12,51.17,200,false,33,45.63
read,key-18,51.09,200,false,21,184.71
write,key-19,105.90,201,false,41,0.00
read,key-15,51.50,200,false,38,102.76
write,key-15,102.76,201,false,38,0.00
read,key-18,51.57,200,false,21,207.43
write,key-6,105.40,201,false,24,0.00
write,key-14,105.40,201,false,29,0.00
read,key-17,53.83,200,false,22,36.24
read,key-1,51.02,200,false,30,331.18
write,key-9,104.19,201,false,42,0.00
read,key-7,54.97,200,false,22,298.83
write,key-11,102.53,201,false,28,0.00
write,key-18,102.70,201,false,22,0.00
read,key-17,50.85,200,false,22,59.41
read,key-2,51.47,200,false,22,93.58
write,key-1,102.08,201,false,31,0.00
write,key-14,102.84,201,false,30,0.00
read,key-13,53.64,200,false,28,112.25
write,key-16,101.54,201,false,22,0.00
read,key-2,50.62,200,false,22,107.33
write,key-6,101.98,201,false,25,0.00
write,key-6,101.93,201,false,26,0.00
read,key-19,51.19,200,false,41,85.01
write,key-11,102.84,201,false,29,0.00
read,key-8,51.34,200,false,31,258.21
read,key-3,52.67,200,false,32,129.05
read,key-17,51.18,200,false,22,121.31
write,key-14,103.08,201,false,31,0.00
write,key-13,103.51,201,false,29,0.00
write,key-4,103.51,201,false,33,0.00
write,key-15,102.89,201,false,39,0.00
read,key-0,51.33,200,false,27,313.19
write,key-8,103.16,201,false,32,0.00
write,key-12,107.69,201,false,34,0.00
write,key-2,106.90,201,false,23,0.00
write,key-15,109.26,201,false,40,0.00
read,key-3,51.58,200,false,32,167.32
read,key-17,53.38,200,false,22,154.38
read,key-17,50.84,200,false,22,154.38
write,key-11,102.09,201,false,30,0.00
read,key-2,53.67,200,false,23,21.99
write,key-13,103.01,201,false,30,0.00
write,key-18,102.82,201,false,23,0.00
write,key-19,102.04,201,false,42,0.00
write,key-0,101.94,201,false,28,0.00
read,key-11,53.02,200,false,30,19.41
read,key-10,50.76,200,false,36,214.43
read,key-10,53.05,200,false,36,216.71
read,key-11,53.07,200,false,30,29.04
read,key-1,51.80,200,false,31,127.69
read,key-4,53.78,200,false,33,60.74
read,key-10,53.78,200,false,36,225.68
write,key-18,102.86,201,false,24,0.00
read,key-18,52.40,200,false,24,1.07
read,key-16,51.24,200,false,22,151.95
read,key-5,52.23,200,false,34,259.22
read,key-4,58.34,200,false,33,89.38
write,key-7,107.21,201,false,23,0.00
read,key-6,55.00,200,false,26,131.92
read,key-0,51.09,200,false,28,66.96
write,key-7,102.81,201,false,24,0.00
read,key-0,52.71,200,false,28,73.06
read,key-0,51.44,200,false,28,73.06
write,key-13,103.18,201,false,31,0.00
read,key-12,56.13,200,false,34,118.43
read,key-18,57.21,200,false,24,57.21
write,key-16,108.53,201,false,23,0.00
write,key-9,110.84,201,false,43,0.00
write,key-10,107.23,201,false,37,0.00
write,key-9,102.24,201,false,44,0.00
read,key-14,51.42,200,false,31,147.96
read,key-17,51.68,200,false,22,278.03
read,key-13,51.66,200,false,31,27.49
write,key-8,102.19,201,false,33,0.00
write,key-18,102.85,201,false,25,0.00
write,key-9,106.13,201,false,45,0.00
write,key-2,105.61,201,false,24,0.00
read,key-0,52.09,200,false,28,123.55
read,key-0,51.05,200,false,28,126.40
read,key-1,53.23,200,false,31,251.69
read,key-7,57.13,200,false,24,71.76
write,key-4,102.39,201,false,34,0.00
read,key-6,51.02,200,false,26,226.43
write,key-16,101.62,201,false,24,0.00
read,key-3,51.18,200,false,32,356.47
write,key-12,102.53,201,false,35,0.00
read,key-15,52.28,200,false,40,198.90
write,key-1,101.70,201,false,32,0.00
read,key-18,56.52,200,false,25,62.09
read,key-13,50.92,200,false,31,102.54
read,key-15,54.33,200,false,40,205.72
write,key-2,106.93,201,false,25,0.00
write,key-12,103.47,201,false,36,0.00
write,key-4,110.28,201,false,35,0.00
write,key-18,103.57,201,false,26,0.00
write,key-12,114.74,201,false,37,0.00
read,key-2,50.79,200,false,25,20.30
write,key-19,102.33,201,false,43,0.00
write,key-17,103.39,201,false,23,0.00
write,key-16,107.24,201,false,25,0.00
read,key-6,51.24,200,false,26,292.55
read,key-19,52.82,200,false,43,18.70
read,key-14,51.24,200,false,31,271.78
read,key-9,50.51,200,false,45,107.03
write,key-4,101.06,201,false,36,0.00
write,key-11,100.98,201,false,31,0.00
write,key-4,102.68,201,false,37,0.00
read,key-11,51.81,200,false,31,8.43
read,key-13,51.81,200,false,31,177.30
read,key-1,51.30,200,false,32,79.59
write,key-10,102.87,201,false,38,0.00
read,key-0,50.38,200,false,28,259.49
read,key-8,51.28,200,false,33,161.18
read,key-7,53.02,200,false,25,203.86
write,key-3,101.09,201,false,33,0.00
write,key-7,101.95,201,false,25,0.00
write,key-10,104.56,201,false,39,0.00
write,key-9,104.10,201,false,46,0.00
read,key-17,55.03,200,false,23,86.31
read,key-7,54.47,200,false,25,18.84
write,key-6,102.84,201,false,27,0.00
write,key-14,102.84,201,false,32,0.00
write,key-11,104.35,201,false,32,0.00
read,key-12,52.44,200,false,37,104.78
read,key-0,51.30,200,false,28,310.79
write,key-14,102.33,201,false,33,0.00
read,key-13,52.90,200,false,32,237.05
read,key-3,55.72,200,false,33,46.78
write,key-6,101.97,201,false,28,0.00
read,key-4,51.11,200,false,37,77.71
read,key-5,51.39,200,false,34,543.39
write,key-9,106.98,201,false,47,0.00
read,key-5,50.91,200,false,34,545.52
read,key-14,52.37,200,false,33,38.65
read,key-0,53.95,200,false,28,352.63
write,key-17,102.83,201,false,24,0.00
read,key-6,53.58,200,false,28,30.65
write,key-13,107.12,201,false,32,0.00
write,key-12,105.42,201,false,38,0.00
read,key-10,50.49,200,false,39,92.31
write,key-4,101.58,201,false,38,0.00
read,key-5,51.70,200,false,34,597.22
write,key-17,103.19,201,false,25,0.00
write,key-10,102.11,201,false,40,0.00
write,key-14,102.59,201,false,34,0.00
read,key-16,51.21,200,false,25,193.78
write,key-12,101.54,201,false,39,0.00
read,key-4,51.14,200,false,38,34.57
write,key-7,101.71,201,false,26,0.00
write,key-18,103.94,201,false,27,0.00
write,key-18,104.50,201,false,28,0.00
write,key-0,101.29,201,false,29,0.00
read,key-13,51.30,200,false,32,65.73
write,key-16,102.42,201,false,26,0.00
write,key-10,102.50,201,false,41,0.00
write,key-16,102.58,201,false,27,0.00
read,key-15,52.51,200,false,40,477.88
read,key-7,51.47,200,false,26,38.63
write,key-0,101.18,201,false,30,0.00
write,key-14,104.58,201,false,35,0.00
write,key-4,100.70,201,false,39,0.00
read,key-0,52.84,200,false,30,6.23
write,key-11,102.40,201,false,33,0.00
read,key-4,50.14,200,false,39,9.24
read,key-3,51.84,200,false,33,189.55
read,key-16,51.62,200,false,27,40.69
write,key-12,102.38,201,false,40,0.00
read,key-7,52.08,200,false,26,67.90
read,key-6,52.04,200,false,28,161.50
write,key-13,102.32,201,false,33,0.00
write,key-14,102.29,201,false,36,0.00
read,key-16,50.84,200,false,27,67.64
write,key-12,103.02,201,false,41,0.00
read,key-12,53.34,200,false,41,2.10
read,key-1,57.30,200,false,32,336.34
read,key-9,51.06,200,false,47,182.58
write,key-5,106.61,201,false,35,0.00
write,key-2,103.73,201,false,26,0.00
write,key-0,102.25,201,false,31,0.00
read,key-18,54.35,200,false,28,114.08
read,key-19,54.80,200,false,43,333.21
read,key-0,51.04,200,false,31,8.51
write,key-15,103.01,201,false,41,0.00
read,key-15,53.26,200,false,41,4.46
write,key-6,101.95,201,false,29,0.00
read,key-10,51.73,200,false,41,121.57
read,key-11,51.13,200,false,33,95.27
write,key-18,103.41,201,false,29,0.00
read,key-17,51.10,200,false,25,172.78
write,key-6,101.11,201,false,30,0.00
write,key-3,102.20,201,false,34,0.00
read,key-14,51.28,200,false,36,77.07
write,key-2,101.83,201,false,27,0.00
read,key-15,50.95,200,false,41,32.64
read,key-7,52.89,200,false,26,167.62
write,key-3,102.97,201,false,35,0.00
write,key-8,102.27,201,false,34,0.00
read,key-11,51.10,200,false,33,131.77
read,key-1,51.17,200,false,32,431.17
read,key-18,54.49,200,false,29,47.44
read,key-16,51.62,200,false,27,173.68
read,key-8,51.95,200,false,34,22.81
read,key-17,52.97,200,false,25,225.75
write,key-16,101.39,201,false,28,0.00
read,key-6,52.97,200,false,30,56.74
read,key-4,51.25,200,false,39,162.83
write,key-11,102.65,201,false,34,0.00
read,key-18,51.98,200,false,29,74.67
write,key-1,102.74,201,false,33,0.00
read,key-9,54.65,200,false,47,303.54
write,key-9,104.38,201,false,48,0.00
write,key-5,106.23,201,false,36,0.00
write,key-5,104.66,201,false,37,0.00
read,key-18,51.69,200,false,29,102.27
read,key-4,57.63,200,false,39,208.48
write,key-15,102.95,201,false,42,0.00
read,key-10,51.92,200,false,41,236.62
write,key-18,102.57,201,false,30,0.00
read,key-19,52.42,200,false,43,469.54
write,key-16,102.64,201,false,29,0.00
read,key-16,51.21,200,false,29,10.70
read,key-18,51.76,200,false,30,15.69
read,key-1,51.28,200,false,33,55.11
write,key-18,101.26,201,false,31,0.00
read,key-8,51.77,200,false,34,104.58
write,key-0,102.65,201,false,32,0.00
write,key-14,105.21,201,false,37,0.00
read,key-0,51.93,200,false,32,18.36
write,key-15,102.99,201,false,43,0.00
write,key-7,106.37,201,false,27,0.00
write,key-10,103.09,201,false,42,0.00
write,key-6,108.51,201,false,31,0.00
read,key-18,51.20,200,false,31,30.61
read,key-10,52.91,200,false,43,1.71
read,key-1,50.73,200,false,33,91.24
read,key-3,52.37,200,false,35,155.04
write,key-5,103.41,201,false,38,0.00
write,key-10,102.06,201,false,43,0.00
write,key-14,103.36,201,false,38,0.00
write,key-16,102.41,201,false,30,0.00
read,key-4,51.50,200,false,39,317.43
write,key-18,101.73,201,false,32,0.00
read,key-1,52.77,200,false,35,141.16
read,key-18,55.29,200,false,32,5.37
read,key-14,51.83,200,false,38,24.45
write,key-6,103.08,201,false,32,0.00
write,key-12,103.48,201,false,42,0.00
write,key-1,106.15,201,false,34,0.00
read,key-9,51.48,200,false,48,154.89
read,key-8,52.23,200,false,36,207.67
write,key-3,104.65,201,false,36,0.00
write,key-8,101.78,201,false,35,0.00
write,key-3,103.46,201,false,37,0.00
write,key-16,101.82,201,false,31,0.00
write,key-0,102.16,201,false,33,0.00
read,key-17,55.38,200,false,25,434.61
write,key-8,101.94,201,false,36,0.00
write,key-1,103.36,201,false,35,0.00
write,key-7,101.66,201,false,28,0.00
read,key-4,51.64,200,false,39,370.88
read,key-4,51.37,200,false,39,376.51
read,key-19,51.10,200,false,43,637.15
read,key-2,51.63,200,false,28,272.98
read,key-19,51.11,200,false,43,644.12
read,key-18,51.44,200,false,32,76.03
read,key-11,52.58,200,false,34,231.32
write,key-13,103.85,201,false,34,0.00
read,key-7,51.37,200,false,28,44.64
write,key-8,101.89,201,false,37,0.00
write,key-2,102.49,201,false,28,0.00
read,key-9,50.85,200,false,48,236.17
read,key-10,53.27,200,false,43,148.89
write,key-4,103.34,201,false,40,0.00
write,key-14,103.34,201,false,39,0.00
write,key-17,102.17,201,false,26,0.00
read,key-15,51.53,200,false,43,186.40
write,key-19,103.13,201,false,44,0.00
read,key-14,51.30,200,false,39,22.55
write,key-12,102.67,201,false,43,0.00
write,key-15,102.70,201,false,44,0.00
write,key-12,102.70,201,false,44,0.00
write,key-7,101.79,201,false,29,0.00
write,key-3,101.79,201,false,38,0.00
write,key-10,104.73,201,false,44,0.00
write,key-1,101.42,201,false,36,0.00
read,key-10,50.87,200,false,44,9.10
read,key-6,50.76,200,false,32,161.71
write,key-2,104.63,201,false,29,0.00
write,key-3,101.60,201,false,39,0.00
read,key-9,51.77,200,false,48,328.86
write,key-6,102.91,201,false,33,0.00
read,key-16,50.56,200,false,31,153.24
read,key-18,51.70,200,false,32,201.43
write,key-7,102.98,201,false,30,0.00
write,key-11,102.75,201,false,35,0.00
read,key-0,56.54,200,false,33,162.94
write,key-10,109.63,201,false,45,0.00
read,key-4,51.77,200,false,40,90.32
read,key-1,52.45,200,false,36,55.70
write,key-12,102.31,201,false,45,0.00
write,key-3,102.31,201,false,40,0.00
write,key-16,101.67,201,false,32,0.00
read,key-8,51.53,200,false,37,130.22
read,key-16,55.78,200,false,32,2.51
read,key-3,52.30,200,false,41,21.04
read,key-6,52.39,200,false,33,52.39
write,key-10,102.96,201,false,46,0.00
read,key-9,52.39,200,false,48,382.63
write,key-2,102.90,201,false,30,0.00
write,key-3,102.90,201,false,41,0.00
read,key-3,51.68,200,false,41,0.00
read,key-13,50.97,200,false,34,162.56
read,key-7,52.73,200,false,30,61.78
write,key-4,102.34,201,false,41,0.00
read,key-1,51.45,200,false,36,107.15
read,key-9,51.38,200,false,49,411.51
write,key-15,103.08,201,false,45,0.00
read,key-16,51.33,200,false,32,52.40
read,key-6,55.80,200,false,33,90.98
read,key-6,51.82,200,false,33,102.74
read,key-12,51.40,200,false,45,74.60
read,key-18,53.81,200,false,32,302.76
read,key-17,54.88,200,false,26,179.14
write,key-9,103.54,201,false,49,0.00
read,key-1,51.79,200,false,36,139.25
read,key-7,52.34,200,false,31,104.61
write,key-16,102.48,201,false,33,0.00
read,key-15,51.53,200,false,45,35.81
write,key-0,102.61,201,false,34,0.00
read,key-17,51.61,200,false,26,196.58
write,key-8,102.86,201,false,38,0.00
write,key-3,102.84,201,false,42,0.00
read,key-1,52.57,200,false,36,165.84
read,key-2,55.77,200,false,30,82.66
read,key-15,52.03,200,false,45,74.22
write,key-7,102.11,201,false,31,0.00
read,key-3,50.80,200,false,42,25.81
read,key-16,50.74,200,false,33,49.65
write,key-4,105.97,201,false,42,0.00
read,key-9,51.15,200,false,49,63.08
read,key-12,52.73,200,false,46,143.35
write,key-9,103.30,201,false,50,0.00
write,key-13,101.51,201,false,35,0.00
read,key-12,51.24,200,false,45,154.78
read,key-4,54.84,200,false,42,24.73
read,key-1,54.29,200,false,36,220.13
write,key-19,101.57,201,false,45,0.00
read,key-15,53.94,200,false,45,110.78
write,key-2,102.52,201,false,31,0.00
write,key-12,104.72,201,false,46,0.00
write,key-10,102.82,201,false,47,0.00
read,key-16,50.31,200,false,33,99.05
write,key-6,101.68,201,false,34,0.00
read,key-17,51.16,200,false,26,284.36
read,key-9,51.67,200,false,50,31.28
write,key-0,100.81,201,false,35,0.00
read,key-18,50.35,200,false,32,418.40
write,key-16,102.40,201,false,34,0.00
read,key-1,53.41,200,false,36,264.91
read,key-10,51.39,200,false,47,33.34
read,key-2,54.28,200,false,32,40.43
read,key-12,51.75,200,false,46,48.49
write,key-13,101.69,201,false,36,0.00
read,key-13,51.02,200,false,36,2.33
read,key-2,51.51,200,false,31,59.78
write,key-6,101.68,201,false,35,0.00
write,key-18,101.20,201,false,33,0.00
read,key-19,51.91,200,false,45,81.20
read,key-3,51.09,200,false,42,143.19
write,key-2,102.75,201,false,32,0.00
write,key-5,102.67,201,false,39,0.00
write,key-14,102.04,201,false,40,0.00
read,key-19,51.14,200,false,45,103.06
read,key-19,50.99,200,false,45,104.13
write,key-18,102.95,201,false,34,0.00
read,key-8,51.24,200,false,38,175.51
write,key-10,102.95,201,false,48,0.00
write,key-1,102.48,201,false,37,0.00
read,key-0,51.47,200,false,35,100.72
write,key-18,102.48,201,false,35,0.00
write,key-2,102.97,201,false,33,0.00
write,key-15,107.35,201,false,46,0.00
read,key-3,54.10,200,false,42,186.43
read,key-1,50.90,200,false,37,11.47
write,key-17,103.00,201,false,27,0.00
read,key-16,55.25,200,false,34,124.32
write,key-11,101.76,201,false,36,0.00
read,key-10,52.41,200,false,49,52.88
read,key-13,51.94,200,false,36,107.98
write,key-6,102.88,201,false,36,0.00
read,key-1,51.25,200,false,37,62.72
write,key-13,102.68,201,false,37,0.00
write,key-4,102.42,201,false,43,0.00
write,key-16,103.05,201,false,35,0.00
write,key-11,102.62,201,false,37,0.00
write,key-1,102.30,201,false,38,0.00
write,key-10,102.22,201,false,49,0.00
write,key-11,106.10,201,false,38,0.00
write,key-13,106.43,201,false,38,0.00
write,key-17,102.78,201,false,28,0.00
write,key-16,102.78,201,false,36,0.00
write,key-7,105.36,201,false,32,0.00
read,key-5,51.17,200,false,39,132.43
read,key-1,51.17,200,false,38,24.38
write,key-15,101.91,201,false,47,0.00
write,key-10,102.34,201,false,50,0.00
read,key-3,51.05,200,false,42,291.97
read,key-18,51.05,200,false,35,113.77
read,key-3,52.90,200,false,42,298.51
read,key-5,50.72,200,false,39,151.59
write,key-6,103.14,201,false,37,0.00
read,key-8,50.80,200,false,38,318.72
read,key-4,52.92,200,false,44,74.10
write,key-14,105.87,201,false,41,0.00
write,key-2,103.17,201,false,34,0.00
write,key-5,100.51,201,false,40,0.00
read,key-3,50.74,200,false,42,331.73
read,key-11,50.22,200,false,38,65.54
read,key-11,57.04,200,false,38,70.63
read,key-5,50.93,200,false,40,10.37
read,key-4,57.21,200,false,43,95.16
read,key-7,53.14,200,false,32,61.87
read,key-3,51.21,200,false,43,349.72
write,key-4,102.47,201,false,44,0.00
read,key-17,55.21,200,false,28,76.95
write,key-10,102.86,201,false,51,0.00
read,key-12,51.35,200,false,46,310.09
read,key-9,53.74,200,false,50,337.41
read,key-0,52.95,200,false,35,307.86
write,key-13,102.56,201,false,39,0.00
write,key-8,102.56,201,false,39,0.00
write,key-3,102.04,201,false,43,0.00
read,key-5,52.52,200,false,40,60.00
read,key-9,50.38,200,false,50,344.94
write,key-12,101.84,201,false,47,0.00
read,key-11,50.36,200,false,38,141.04
write,key-11,102.10,201,false,39,0.00
read,key-16,51.47,200,false,36,132.01
write,key-18,104.52,201,false,36,0.00
write,key-18,102.42,201,false,37,0.00
write,key-18,102.00,201,false,38,0.00
write,key-6,102.78,201,false,38,0.00
read,key-3,52.81,200,false,43,47.64
read,key-8,51.08,200,false,39,50.31
read,key-13,51.37,200,false,39,51.37
read,key-0,50.85,200,false,35,362.71
read,key-19,50.66,200,false,45,387.98
write,key-9,105.81,201,false,51,0.00
write,key-11,101.14,201,false,40,0.00
write,key-12,105.42,201,false,48,0.00
write,key-16,101.57,201,false,37,0.00
read,key-15,53.66,200,false,48,180.43
read,key-0,50.93,200,false,35,393.90
write,key-2,102.71,201,false,35,0.00
write,key-17,102.45,201,false,29,0.00
read,key-13,54.36,200,false,39,104.67
write,key-8,102.00,201,false,40,0.00
write,key-4,102.40,201,false,45,0.00
read,key-6,56.05,200,false,38,61.42
read,key-4,52.79,200,false,45,4.26
write,key-15,103.39,201,false,48,0.00
write,key-12,102.46,201,false,49,0.00
read,key-5,52.87,200,false,40,183.54
write,key-12,103.01,201,false,50,0.00
write,key-8,103.00,201,false,41,0.00
write,key-8,102.14,201,false,42,0.00
read,key-18,51.91,200,false,38,113.42
write,key-8,101.28,201,false,43,0.00
read,key-5,51.24,200,false,40,210.47
write,key-3,102.25,201,false,44,0.00
read,key-13,51.19,200,false,39,158.62
write,key-14,105.65,201,false,42,0.00
write,key-18,101.91,201,false,39,0.00
write,key-9,101.91,201,false,52,0.00
read,key-17,51.49,200,false,29,75.80
write,key-16,101.06,201,false,38,0.00
read,key-15,52.25,200,false,48,66.77
write,key-14,106.52,201,false,43,0.00
write,key-1,103.09,201,false,39,0.00
write,key-14,105.84,201,false,44,0.00
write,key-16,105.84,201,false,39,0.00
write,key-13,101.86,201,false,40,0.00
read,key-16,54.93,200,false,39,2.50
read,key-18,50.04,200,false,39,48.96
read,key-2,51.35,200,false,35,118.32
write,key-2,100.91,201,false,36,0.00
write,key-3,101.04,201,false,45,0.00
read,key-9,52.05,200,false,52,77.19
write,key-1,102.68,201,false,40,0.00
write,key-0,102.63,201,false,36,0.00
write,key-6,102.65,201,false,39,0.00
write,key-15,102.65,201,false,49,0.00
write,key-10,102.93,201,false,52,0.00
write,key-7,105.56,201,false,33,0.00
read,key-18,49.98,200,false,39,94.38
read,key-11,50.51,200,false,40,196.98
read,key-8,52.05,200,false,43,114.00
write,key-7,102.49,201,false,34,0.00
read,key-0,50.93,200,false,36,26.58
read,key-19,51.72,200,false,45,609.10
write,key-5,102.83,201,false,41,0.00
write,key-16,101.74,201,false,40,0.00
write,key-16,102.61,201,false,41,0.00
write,key-7,103.28,201,false,35,0.00
write,key-9,103.15,201,false,53,0.00
read,key-7,51.10,200,false,35,2.90
read,key-19,57.20,200,false,45,647.31
read,key-6,56.51,200,false,39,63.98
write,key-14,102.62,201,false,45,0.00
read,key-5,51.28,200,false,41,39.33
write,key-5,107.78,201,false,42,0.00
read,key-5,51.26,200,false,42,2.84
read,key-12,57.66,200,false,50,199.71
write,key-0,103.17,201,false,37,0.00
write,key-17,103.17,201,false,30,0.00
read,key-5,54.12,200,false,42,22.83
write,key-3,102.64,201,false,46,0.00
write,key-0,103.12,201,false,38,0.00
write,key-4,103.12,201,false,46,0.00
write,key-4,101.84,201,false,47,0.00
write,key-17,101.25,201,false,31,0.00
read,key-17,50.63,200,false,31,6.22
read,key-9,50.63,200,false,53,50.63
read,key-15,53.53,200,false,49,113.08
read,key-15,54.81,200,false,49,120.99
read,key-9,51.45,200,false,53,63.38
write,key-12,102.19,201,false,51,0.00
write,key-16,102.34,201,false,42,0.00
read,key-12,50.68,200,false,51,15.48
read,key-14,51.76,200,false,45,80.55
read,key-16,51.25,200,false,42,13.15
read,key-0,52.10,200,false,38,52.10
read,key-9,52.62,200,false,53,93.29
read,key-2,50.89,200,false,36,191.78
read,key-11,57.61,200,false,40,353.98
write,key-5,101.91,201,false,43,0.00
write,key-18,101.91,201,false,40,0.00
read,key-10,51.07,200,false,52,167.04
write,key-11,108.08,201,false,41,0.00
write,key-1,102.85,201,false,41,0.00
read,key-0,50.83,200,false,38,73.53
read,key-19,51.78,200,false,45,767.57
write,key-2,106.23,201,false,37,0.00
read,key-3,51.22,200,false,46,95.50
read,key-13,51.25,200,false,40,237.56
write,key-13,102.69,201,false,41,0.00
read,key-3,51.18,200,false,46,107.23
write,key-12,102.72,201,false,52,0.00
write,key-2,100.97,201,false,38,0.00
write,key-0,102.59,201,false,39,0.00
read,key-0,51.70,200,true,38,0.00
read,key-19,51.20,200,false,45,799.00
write,key-5,102.53,201,false,44,0.00
write,key-5,102.27,201,false,45,0.00
read,key-1,51.00,200,false,41,74.02
write,key-7,101.09,201,false,36,0.00
read,key-17,51.28,200,false,31,160.09
read,key-7,51.28,200,false,36,10.12
write,key-3,102.20,201,false,47,0.00
write,key-1,102.20,201,false,42,0.00
write,key-4,102.08,201,false,48,0.00
write,key-5,105.08,201,false,46,0.00
read,key-9,50.13,200,false,53,219.88
write,key-12,111.92,201,false,53,0.00
write,key-7,114.19,201,false,37,0.00
write,key-18,106.53,201,false,41,0.00
write,key-13,101.52,201,false,42,0.00
write,key-15,102.07,201,false,50,0.00
read,key-8,53.23,200,false,43,402.68
write,key-12,102.40,201,false,54,0.00
write,key-7,102.33,201,false,38,0.00
write,key-15,107.64,201,false,51,0.00
write,key-7,102.69,201,false,39,0.00
read,key-6,51.45,200,false,39,319.12
write,key-11,103.45,201,false,42,0.00
read,key-9,51.03,200,false,53,256.67
read,key-4,51.65,200,false,48,65.35
read,key-1,52.64,200,false,42,75.32
read,key-17,52.55,200,false,32,242.97
read,key-0,50.96,200,false,39,135.32
write,key-11,102.58,201,false,43,0.00
write,key-15,102.83,201,false,52,0.00
write,key-10,102.73,201,false,53,0.00
write,key-12,104.40,201,false,55,0.00
read,key-7,52.23,200,false,39,54.06
read,key-2,52.23,200,false,38,156.76
write,key-6,103.23,201,false,40,0.00
write,key-2,103.53,201,false,39,0.00
write,key-0,103.14,201,false,40,0.00
write,key-0,102.61,201,false,41,0.00
read,key-1,51.74,200,false,42,123.34
write,key-17,102.10,201,false,32,0.00
read,key-8,50.97,200,false,43,503.45
read,key-14,51.42,200,false,45,338.43
write,key-9,101.25,201,false,54,0.00
read,key-5,53.49,200,false,46,136.02
write,key-2,102.27,201,false,40,0.00
write,key-10,103.67,201,false,54,0.00
read,key-15,54.44,200,false,52,67.12
write,key-16,109.20,201,false,43,0.00
write,key-9,105.50,201,false,55,0.00
read,key-9,51.01,200,false,55,4.89
read,key-9,51.20,200,false,55,10.42
write,key-10,101.72,201,false,55,0.00
read,key-1,51.91,200,false,42,184.09
write,key-19,101.72,201,false,46,0.00
read,key-18,52.62,200,false,41,164.25
read,key-8,51.14,200,false,43,568.52
write,key-9,102.87,201,false,56,0.00
read,key-15,51.79,200,false,52,118.91
write,key-9,107.23,201,false,57,0.00
write,key-10,103.20,201,false,56,0.00
write,key-16,110.46,201,false,44,0.00
read,key-8,51.85,200,false,43,586.18
read,key-4,60.74,200,false,48,209.17
read,key-5,58.43,200,false,47,208.08
read,key-10,58.43,200,false,56,5.78
write,key-5,103.16,201,false,47,0.00
read,key-0,57.91,200,false,42,103.16
write,key-13,103.16,201,false,43,0.00
read,key-0,52.30,200,false,42,106.50
write,key-0,102.91,201,false,42,0.00
read,key-3,50.87,200,false,47,235.49
read,key-11,51.74,200,false,43,155.78
write,key-8,102.73,201,false,44,0.00
write,key-8,101.22,201,false,45,0.00
read,key-13,50.30,200,false,43,29.94
read,key-8,63.02,200,false,45,29.41
read,key-15,58.32,200,false,53,186.77
read,key-4,52.46,200,false,48,272.71
read,key-6,52.46,200,false,40,169.48
write,key-3,102.59,201,false,48,0.00
read,key-11,51.32,200,false,43,215.24
write,key-1,102.63,201,false,43,0.00
read,key-4,52.28,200,false,48,302.47
write,key-13,102.53,201,false,44,0.00
write,key-5,102.53,201,false,48,0.00
write,key-0,102.41,201,false,43,0.00
write,key-17,102.17,201,false,33,0.00
write,key-15,102.74,201,false,53,0.00
write,key-17,109.73,201,false,34,0.00
read,key-8,51.25,200,false,45,80.66
write,key-7,102.81,201,false,40,0.00
read,key-1,51.49,200,false,43,29.44
write,key-15,101.90,201,false,54,0.00
write,key-2,101.90,201,false,41,0.00
read,key-4,55.30,200,false,48,328.00
write,key-8,106.25,201,false,46,0.00
write,key-18,103.19,201,false,42,0.00
write,key-5,106.44,201,false,49,0.00
read,key-10,51.43,200,false,56,138.62
read,key-15,52.55,200,false,54,38.97
read,key-6,51.26,200,false,40,271.09
write,key-11,101.61,201,false,44,0.00
read,key-12,55.04,200,false,55,281.62
read,key-0,51.16,200,false,43,69.82
read,key-4,55.74,200,false,48,381.23
write,key-16,102.95,201,false,45,0.00
read,key-13,54.44,200,false,44,87.05
write,key-2,107.45,201,false,42,0.00
write,key-10,101.66,201,false,57,0.00
write,key-8,102.87,201,false,47,0.00
write,key-18,102.87,201,false,43,0.00
write,key-8,102.53,201,false,48,0.00
write,key-11,102.94,201,false,45,0.00
write,key-4,102.32,201,false,49,0.00
read,key-15,51.35,200,false,54,100.18
write,key-2,104.97,201,false,43,0.00
write,key-1,102.29,201,false,44,0.00
read,key-13,51.47,200,false,44,123.33
read,key-10,50.92,200,false,57,25.95
read,key-4,50.71,200,false,49,8.92
write,key-12,102.04,201,false,56,0.00
write,key-8,104.59,201,false,49,0.00
write,key-3,102.39,201,false,49,0.00
read,key-3,50.79,200,false,49,2.15
read,key-0,51.25,200,false,43,153.79
write,key-17,101.79,201,false,35,0.00
read,key-10,55.70,200,false,57,66.81
read,key-8,51.20,200,false,49,32.37
write,key-19,102.72,201,false,47,0.00
read,key-16,51.37,200,false,45,93.67
read,key-14,53.27,200,false,45,691.95
read,key-1,55.39,200,false,44,53.27
read,key-0,51.49,200,false,43,172.23
write,key-15,101.33,201,false,55,0.00
read,key-3,51.04,200,false,49,45.95
write,key-7,103.16,201,false,41,0.00
read,key-15,52.69,200,false,55,17.59
write,key-16,101.91,201,false,46,0.00
write,key-8,102.24,201,false,50,0.00
write,key-18,102.24,201,false,44,0.00
read,key-9,58.27,200,false,57,317.70
read,key-1,56.84,200,false,44,100.00
read,key-12,51.80,200,false,56,91.84
write,key-11,102.09,201,false,46,0.00
read,key-11,51.73,200,false,46,1.64
read,key-7,53.90,200,false,41,38.50
write,key-8,104.75,201,false,51,0.00
write,key-13,102.38,201,false,45,0.00
read,key-6,51.48,200,false,40,444.71
write,key-8,102.65,201,false,52,0.00
read,key-3,51.78,200,false,49,110.38
write,key-6,103.17,201,false,41,0.00
read,key-7,51.94,200,false,41,83.27
write,key-18,105.51,201,false,45,0.00
write,key-15,104.49,201,false,56,0.00
write,key-17,102.31,201,false,36,0.00
read,key-15,51.71,200,false,56,1.84
write,key-12,102.10,201,false,57,0.00
read,key-18,53.49,200,false,45,13.15
read,key-12,51.57,200,false,57,12.70
write,key-15,106.11,201,false,57,0.00
read,key-7,53.15,200,false,41,106.79
write,key-9,100.95,201,false,58,0.00
read,key-4,50.95,200,false,49,185.75
write,key-19,102.68,201,false,48,0.00
write,key-2,102.68,201,false,44,0.00
write,key-13,101.17,201,false,46,0.00
write,key-13,101.71,201,false,47,0.00
read,key-5,50.83,200,false,49,291.70
read,key-6,50.95,200,false,41,64.89
write,key-1,103.22,201,false,45,0.00
write,key-14,101.57,201,false,46,0.00
write,key-2,102.08,201,false,45,0.00
read,key-8,51.75,200,false,52,101.15
read,key-16,51.75,200,false,46,145.21
read,key-16,50.81,200,false,46,148.01
read,key-8,50.65,200,false,52,109.33
read,key-9,50.87,200,false,58,61.66
read,key-12,50.87,200,false,57,78.10
write,key-17,101.70,201,false,37,0.00
read,key-2,52.26,200,false,45,36.06
write,key-12,101.38,201,false,58,0.00
write,key-16,103.18,201,false,47,0.00
read,key-6,55.13,200,false,41,116.25
write,key-0,102.31,201,false,44,0.00
read,key-7,51.26,200,false,41,191.33
write,key-19,102.71,201,false,49,0.00
read,key-1,54.57,200,false,45,54.57
write,key-14,102.46,201,false,47,0.00
write,key-10,101.12,201,false,58,0.00
read,key-8,51.74,200,false,52,172.78
write,key-2,102.47,201,false,46,0.00
read,key-13,51.73,200,false,47,104.08
read,key-17,51.20,200,false,37,65.75
write,key-0,102.56,201,false,45,0.00
read,key-16,51.20,200,false,47,53.97
read,key-1,52.28,200,false,45,105.26
write,key-6,103.01,201,false,42,0.00
write,key-19,101.59,201,false,50,0.00
write,key-14,106.12,201,false,48,0.00
write,key-16,106.02,201,false,48,0.00
write,key-6,105.31,201,false,43,0.00
write,key-9,105.10,201,false,59,0.00
write,key-15,105.10,201,false,58,0.00
read,key-2,50.86,200,false,46,40.19
write,key-6,100.48,201,false,44,0.00
read,key-16,51.02,200,false,48,24.99
write,key-3,102.69,201,false,50,0.00
read,key-14,51.00,200,false,48,30.50
read,key-0,51.53,200,false,45,51.53
read,key-13,52.05,200,false,47,158.38
write,key-2,101.69,201,false,47,0.00
read,key-1,51.16,200,false,45,156.96
write,key-13,102.36,201,false,48,0.00
write,key-19,101.19,201,false,51,0.00
write,key-9,102.17,201,false,60,0.00
read,key-17,51.37,200,false,37,137.61
read,key-9,53.62,200,false,60,7.17
read,key-17,54.52,200,false,37,148.68
read,key-9,50.85,200,false,60,14.32
read,key-19,55.04,200,false,51,32.23
read,key-2,53.98,200,false,47,40.36
write,key-7,102.68,201,false,42,0.00
read,key-8,51.61,200,false,52,289.39
read,key-5,51.08,200,false,49,500.64
read,key-18,51.09,200,false,45,260.30
write,key-8,101.32,201,false,53,0.00
read,key-4,52.22,200,false,49,426.24
write,key-10,102.20,201,false,59,0.00
read,key-0,51.68,200,false,45,134.61
write,key-19,102.99,201,false,52,0.00
read,key-17,55.86,200,false,37,205.58
read,key-12,50.29,200,false,58,197.23
read,key-17,51.89,200,false,37,209.53
write,key-16,101.96,201,false,49,0.00
write,key-18,102.49,201,false,46,0.00
read,key-3,52.00,200,false,50,103.71
write,key-6,102.52,201,false,45,0.00
read,key-8,51.70,200,false,53,51.70
write,key-13,101.33,201,false,49,0.00
read,key-7,57.81,200,false,42,59.98
write,key-0,103.30,201,false,46,0.00
read,key-5,50.85,200,false,49,561.26
write,key-13,102.70,201,false,50,0.00
write,key-19,104.41,201,false,53,0.00
write,key-10,100.57,201,false,60,0.00
read,key-19,51.34,200,false,53,9.68
read,key-2,50.91,200,false,47,134.42
read,key-16,54.09,200,false,49,43.24
read,key-6,51.20,200,false,45,38.79
write,key-12,102.67,201,false,59,0.00
read,key-6,55.20,200,false,45,51.97
write,key-13,106.32,201,false,51,0.00
read,key-2,52.68,200,false,48,158.01
read,key-12,50.92,200,false,59,6.65
read,key-11,54.00,200,false,46,417.15
read,key-19,54.32,200,false,53,38.47
write,key-2,101.66,201,false,48,0.00
read,key-1,50.98,200,false,45,327.61
read,key-15,50.81,200,false,58,203.65
write,key-7,101.37,201,false,43,0.00
write,key-14,102.98,201,false,49,0.00
write,key-3,102.98,201,false,51,0.00
write,key-1,102.63,201,false,46,0.00
write,key-13,102.93,201,false,52,0.00
write,key-7,102.42,201,false,44,0.00
write,key-7,102.90,201,false,45,0.00
write,key-10,102.37,201,false,61,0.00
write,key-9,105.67,201,false,61,0.00
write,key-14,105.67,201,false,50,0.00
read,key-9,50.74,200,false,61,4.28
write,key-15,102.37,201,false,59,0.00
write,key-5,103.75,201,false,50,0.00
write,key-5,103.96,201,false,51,0.00
write,key-4,105.84,201,false,50,0.00
write,key-11,107.19,201,false,47,0.00
write,key-14,108.68,201,false,51,0.00
write,key-18,106.51,201,false,47,0.00
write,key-18,103.40,201,false,48,0.00
write,key-1,102.56,201,false,47,0.00
read,key-15,51.21,200,false,59,23.86
read,key-13,51.73,200,false,52,74.96
write,key-1,105.73,201,false,48,0.00
write,key-7,101.74,201,false,46,0.00
read,key-1,53.35,200,false,48,10.54
read,key-2,51.73,200,false,48,135.73
write,key-11,102.47,201,false,48,0.00
write,key-11,102.33,201,false,49,0.00
read,key-8,50.71,200,false,53,260.31
write,key-18,101.98,201,false,49,0.00
read,key-6,50.85,200,false,45,214.31
read,key-2,54.67,200,false,48,150.08
read,key-3,52.75,200,false,51,122.89
write,key-0,101.78,201,false,47,0.00
read,key-17,51.12,200,false,37,448.90
read,key-15,52.86,200,false,59,86.34
read,key-10,54.19,200,false,61,107.74
read,key-4,52.35,200,false,50,83.94
write,key-0,102.22,201,false,48,0.00
write,key-18,102.47,201,false,50,0.00
write,key-17,101.84,201,false,38,0.00
read,key-4,50.87,200,false,50,105.53
read,key-15,55.86,200,false,59,114.75
write,key-17,102.85,201,false,39,0.00
write,key-14,102.11,201,false,52,0.00
write,key-17,101.74,201,false,40,0.00
read,key-1,55.01,200,false,48,88.62
write,key-13,102.30,201,false,53,0.00
write,key-13,103.32,201,false,54,0.00
write,key-6,103.32,201,false,46,0.00
read,key-10,51.45,200,false,61,172.18
write,key-17,103.27,201,false,41,0.00
write,key-6,103.24,201,false,47,0.00
read,key-0,52.09,200,false,48,73.84
read,key-12,52.09,200,false,59,270.91
write,key-17,107.34,201,false,42,0.00
write,key-12,104.31,201,false,60,0.00
write,key-15,105.17,201,false,60,0.00
write,key-8,102.31,201,false,54,0.00
write,key-0,102.43,201,false,49,0.00
write,key-2,106.25,201,false,49,0.00
write,key-10,104.79,201,false,62,0.00
read,key-0,52.46,200,false,49,6.56
read,key-6,52.34,200,false,47,40.41
write,key-5,103.74,201,false,52,0.00
read,key-7,56.03,200,false,46,173.56
read,key-17,53.53,200,false,42,47.08
write,key-16,104.07,201,false,50,0.00
write,key-2,103.86,201,false,50,0.00
read,key-1,51.50,200,false,48,189.42
write,key-11,105.04,201,false,50,0.00
write,key-4,105.04,201,false,51,0.00
read,key-18,54.55,200,false,50,133.34
write,key-0,105.17,201,false,50,0.00
write,key-17,104.17,201,false,43,0.00
read,key-18,56.34,200,false,51,158.01
read,key-11,51.82,200,false,50,42.12
read,key-5,55.25,200,false,52,63.19
write,key-12,105.02,201,false,61,0.00
write,key-18,105.66,201,false,51,0.00
write,key-15,105.22,201,false,61,0.00
read,key-19,51.98,200,false,53,408.06
read,key-12,51.66,200,false,61,6.42
read,key-12,53.22,200,false,61,14.82
write,key-8,104.64,201,false,55,0.00
write,key-3,105.19,201,false,52,0.00
write,key-19,104.56,201,false,54,0.00
write,key-7,103.92,201,false,47,0.00
write,key-19,104.40,201,false,55,0.00
read,key-16,51.82,200,false,50,91.53
read,key-5,52.63,200,false,52,103.79
write,key-10,104.33,201,false,63,0.00
write,key-13,107.48,201,false,55,0.00
write,key-2,104.57,201,false,51,0.00
read,key-11,51.91,200,false,50,97.69
read,key-5,51.66,200,false,52,119.02
read,key-8,53.46,200,false,55,36.88
write,key-9,107.00,201,false,62,0.00
read,key-19,52.21,200,false,55,36.24
read,key-8,52.09,200,false,55,58.56
read,key-14,53.78,200,false,52,242.85
read,key-13,56.43,200,false,55,40.09
write,key-15,104.95,201,false,62,0.00
read,key-17,53.04,200,false,44,116.78
write,key-19,103.80,201,false,56,0.00
write,key-3,104.20,201,false,53,0.00
write,key-9,105.18,201,false,63,0.00
read,key-0,53.81,200,false,50,125.18
write,key-12,105.67,201,false,62,0.00
read,key-8,52.43,200,false,55,95.10
read,key-1,53.71,200,false,48,359.65
write,key-2,103.77,201,false,52,0.00
read,key-7,51.49,200,false,47,100.44
write,key-16,104.59,201,false,51,0.00
read,key-15,52.56,200,false,62,48.82
write,key-17,104.13,201,false,44,0.00
read,key-10,51.99,200,false,63,101.38
write,key-18,104.15,201,false,52,0.00
write,key-5,106.53,201,false,53,0.00
write,key-10,104.25,201,false,64,0.00
write,key-16,104.32,201,false,52,0.00
read,key-13,54.77,200,false,55,111.20
read,key-7,58.76,200,false,47,130.22
write,key-4,106.78,201,false,52,0.00
read,key-15,54.79,200,false,62,73.91
read,key-17,52.39,200,false,44,25.75
read,key-4,52.45,200,false,52,3.89
read,key-5,51.81,200,false,53,26.56
read,key-5,52.87,200,false,53,29.74
read,key-13,52.12,200,false,55,137.30
write,key-19,103.55,201,false,57,0.00
read,key-10,52.12,200,false,64,42.62
read,key-6,56.69,200,false,47,304.82
write,key-9,104.03,201,false,64,0.00
read,key-0,52.76,200,false,50,226.75
write,key-3,104.34,201,false,54,0.00
read,key-17,52.24,200,false,44,70.80
read,key-13,52.33,200,false,55,165.68
read,key-14,53.99,200,false,52,374.49
read,key-9,55.02,200,false,64,14.79
write,key-8,102.75,201,false,56,0.00
read,key-5,52.32,200,false,53,89.72
read,key-0,52.37,200,false,50,259.31
write,key-15,105.07,201,false,63,0.00
write,key-2,104.52,201,false,53,0.00
write,key-0,104.38,201,false,51,0.00
write,key-3,104.10,201,false,55,0.00
read,key-7,53.69,200,false,47,234.00
read,key-4,54.22,200,false,52,100.99
read,key-1,57.99,200,false,49,506.43
write,key-3,104.77,201,false,56,0.00
write,key-9,103.53,201,false,65,0.00
write,key-6,106.77,201,false,48,0.00
write,key-1,104.68,201,false,49,0.00
read,key-3,52.28,200,false,56,17.70
write,key-15,104.78,201,false,64,0.00
read,key-8,58.57,200,false,56,69.42
write,key-13,108.01,201,false,56,0.00
read,key-7,53.17,200,false,47,278.39
write,key-18,105.00,201,false,53,0.00
read,key-17,52.45,200,false,44,181.24
write,key-16,108.20,201,false,53,0.00
read,key-19,52.95,200,false,57,130.75
write,key-13,107.38,201,false,57,0.00
read,key-10,55.06,200,false,64,174.90
write,key-13,107.58,201,false,58,0.00
read,key-9,51.97,200,false,65,61.13
read,key-1,51.49,200,false,49,56.30
write,key-2,104.21,201,false,54,0.00
write,key-7,105.47,201,false,48,0.00
write,key-5,104.25,201,false,54,0.00
read,key-10,52.24,200,false,64,204.26
write,key-13,104.23,201,false,59,0.00
read,key-4,52.64,200,false,52,197.50
write,key-14,104.62,201,false,53,0.00
write,key-15,104.60,201,false,65,0.00
read,key-6,52.85,200,false,48,97.65
read,key-18,52.78,200,false,53,68.31
read,key-5,53.57,200,false,54,28.08
read,key-17,60.69,200,false,44,241.93
write,key-13,104.64,201,false,60,0.00
read,key-11,55.36,200,false,50,431.90
read,key-16,52.17,200,false,53,68.91
write,key-14,104.88,201,false,54,0.00
read,key-5,56.34,200,false,54,51.32
write,key-1,103.62,201,false,50,0.00
read,key-10,51.36,200,false,64,261.27
write,key-14,104.62,201,false,55,0.00
write,key-19,103.68,201,false,58,0.00
write,key-17,104.88,201,false,45,0.00
read,key-5,52.59,200,false,54,76.99
read,key-9,52.63,200,false,65,163.12
read,key-19,53.16,200,false,58,10.17
read,key-9,52.15,200,false,65,170.86
write,key-9,104.30,201,false,66,0.00
write,key-1,104.63,201,false,51,0.00
write,key-16,104.21,201,false,54,0.00
write,key-18,104.21,201,false,54,0.00
read,key-10,52.32,200,false,64,313.59
write,key-19,104.09,201,false,59,0.00
write,key-19,104.61,201,false,60,0.00
read,key-18,51.84,200,false,54,22.60
write,key-15,106.13,201,false,66,0.00
write,key-10,104.96,201,false,65,0.00
write,key-10,103.88,201,false,66,0.00
read,key-15,52.73,200,false,66,9.61
read,key-19,53.84,200,false,60,25.09
write,key-6,104.26,201,false,49,0.00
write,key-8,106.89,201,false,57,0.00
read,key-3,56.24,200,false,56,247.06
write,key-5,108.61,201,false,55,0.00
write,key-3,103.62,201,false,57,0.00
read,key-15,51.43,200,false,66,39.22
write,key-9,103.98,201,false,67,0.00
write,key-0,104.43,201,false,52,0.00
read,key-19,53.02,200,false,60,64.22
write,key-15,104.41,201,false,67,0.00
write,key-11,106.75,201,false,51,0.00
read,key-0,52.27,200,false,52,16.24
read,key-0,52.29,200,false,53,20.55
read,key-10,52.82,200,false,66,69.94
write,key-13,104.85,201,false,61,0.00
write,key-1,105.45,201,false,52,0.00
read,key-11,51.80,200,false,51,25.82
write,key-14,107.97,201,false,56,0.00
write,key-0,104.37,201,false,53,0.00
read,key-1,53.96,200,false,52,13.06
read,key-15,55.57,200,false,67,47.66
write,key-18,105.01,201,false,55,0.00
read,key-6,52.95,200,false,49,82.45
write,key-9,104.29,201,false,68,0.00
write,key-5,104.29,201,false,56,0.00
read,key-19,52.06,200,false,60,125.13
read,key-15,52.03,200,false,67,64.66
write,key-12,104.46,201,false,63,0.00
read,key-10,52.83,200,false,66,126.55
write,key-5,104.34,201,false,57,0.00
read,key-1,54.66,200,false,52,54.66
write,key-17,104.79,201,false,46,0.00
read,key-3,52.46,200,false,57,111.84
write,key-17,104.95,201,false,47,0.00
read,key-5,52.66,200,false,57,20.68
read,key-9,52.67,200,false,68,48.50
write,key-3,105.64,201,false,58,0.00
write,key-19,105.01,201,false,61,0.00
read,key-6,51.96,200,false,49,139.13
read,key-1,55.72,200,false,52,86.29
read,key-18,52.47,200,false,55,63.61
read,key-17,54.73,200,false,47,24.51
write,key-3,103.18,201,false,59,0.00
read,key-13,51.88,200,false,61,102.87
write,key-5,104.50,201,false,58,0.00
read,key-6,56.86,200,false,49,168.12
write,key-17,103.88,201,false,48,0.00
read,key-19,56.86,200,false,61,30.20
write,key-2,104.44,201,false,55,0.00
read,key-1,51.80,200,false,52,120.12
write,key-8,104.41,201,false,58,0.00
read,key-12,52.29,200,false,63,76.63
read,key-5,52.23,200,false,58,26.92
write,key-8,104.24,201,false,59,0.00
write,key-9,104.92,201,false,69,0.00
read,key-1,52.37,200,false,52,163.89
read,key-18,52.29,200,false,55,147.12
write,key-10,105.25,201,false,67,0.00
read,key-0,51.53,200,false,53,163.98
read,key-6,52.44,200,false,49,236.67
write,key-8,105.19,201,false,60,0.00
write,key-16,105.19,201,false,55,0.00
read,key-18,52.60,200,false,55,163.47
write,key-1,104.15,201,false,53,0.00
write,key-10,103.43,201,false,68,0.00
write,key-11,107.76,201,false,52,0.00
write,key-0,104.57,201,false,54,0.00
write,key-16,103.80,201,false,56,0.00
write,key-13,108.99,201,false,62,0.00
write,key-9,105.24,201,false,70,0.00
write,key-5,104.83,201,false,59,0.00
write,key-18,109.24,201,false,56,0.00
read,key-11,51.50,200,false,52,28.21
write,key-4,104.54,201,false,53,0.00
read,key-0,55.86,200,false,55,38.52
read,key-13,51.67,200,false,62,24.05
read,key-9,53.43,200,false,70,25.82
read,key-18,52.14,200,false,56,21.10
read,key-6,55.72,200,false,49,298.46
read,key-18,55.07,200,false,56,31.72
write,key-11,106.20,201,false,53,0.00
write,key-3,104.44,201,false,60,0.00
read,key-14,55.96,200,false,56,260.19
write,key-16,104.01,201,false,57,0.00
write,key-0,105.14,201,false,55,0.00
write,key-1,104.28,201,false,54,0.00
read,key-5,53.11,200,false,59,72.69
read,key-15,52.19,200,false,67,316.45
write,key-0,104.12,201,false,56,0.00
read,key-5,52.28,200,false,59,77.80
write,key-17,104.09,201,false,49,0.00
read,key-6,51.87,200,false,49,360.94
write,key-3,105.64,201,false,61,0.00
write,key-0,104.35,201,false,57,0.00
read,key-18,52.95,200,false,56,95.47
read,key-2,52.60,200,false,55,202.93
write,key-3,104.08,201,false,62,0.00
write,key-8,104.59,201,false,61,0.00
read,key-13,52.73,200,false,62,115.80
write,key-10,104.52,201,false,69,0.00
write,key-3,105.27,201,false,63,0.00
write,key-15,103.81,201,false,68,0.00
read,key-15,51.76,200,false,68,1.06
read,key-12,56.62,200,false,64,296.96
write,key-9,106.10,201,false,71,0.00
read,key-2,52.23,200,false,55,250.95
write,key-16,104.53,201,false,58,0.00
write,key-12,105.07,201,false,64,0.00
read,key-1,53.59,200,false,54,92.70
read,key-0,52.07,200,false,57,61.20
read,key-5,52.81,200,false,59,166.39
write,key-17,103.58,201,false,50,0.00
read,key-5,52.53,200,false,59,175.92
read,key-9,54.12,200,false,71,46.46
write,key-14,105.04,201,false,57,0.00
write,key-11,107.59,201,false,54,0.00
write,key-2,103.00,201,false,56,0.00
read,key-17,55.58,200,false,50,18.64
write,key-15,107.71,201,false,69,0.00
write,key-14,104.25,201,false,58,0.00
write,key-15,103.32,201,false,70,0.00
write,key-10,103.66,201,false,70,0.00
read,key-13,53.37,200,false,63,213.85
read,key-15,54.89,200,false,70,9.37
read,key-12,54.89,200,false,64,54.89
write,key-13,103.87,201,false,63,0.00
write,key-1,103.87,201,false,55,0.00
read,key-10,53.64,200,false,70,12.30
read,key-19,52.59,200,false,61,366.19
read,key-12,58.59,200,false,64,76.84
write,key-8,103.41,201,false,62,0.00
read,key-4,53.34,200,false,53,230.41
write,key-6,104.58,201,false,50,0.00
read,key-0,53.21,200,false,60,161.07
read,key-5,51.57,200,false,59,260.95
read,key-7,51.83,200,false,48,697.45
write,key-16,103.32,201,false,59,0.00
read,key-6,52.55,200,false,50,15.90
write,key-17,104.04,201,false,51,0.00
write,key-1,103.64,201,false,56,0.00
read,key-13,52.08,200,false,63,68.95
read,key-10,51.66,200,false,70,78.43
read,key-0,52.23,200,false,60,187.88
write,key-0,103.83,201,false,58,0.00
write,key-0,106.11,201,false,59,0.00
write,key-18,103.63,201,false,57,0.00
write,key-0,104.17,201,false,60,0.00
write,key-1,104.14,201,false,57,0.00
read,key-0,56.86,200,false,60,12.04
read,key-7,52.60,200,false,48,746.60
write,key-14,102.53,201,false,59,0.00
read,key-17,55.08,200,false,51,43.44
read,key-18,52.83,200,false,58,18.48
write,key-14,103.83,201,false,60,0.00
write,key-7,104.54,201,false,49,0.00
read,key-2,51.40,200,false,56,138.60
read,key-9,54.61,200,false,71,195.08
read,key-9,51.55,200,false,71,203.58
write,key-13,102.84,201,false,64,0.00
read,key-8,56.19,200,false,62,106.83
read,key-17,55.89,200,false,51,82.63
read,key-9,53.71,200,false,71,223.10
read,key-3,53.06,200,false,63,246.81
read,key-17,54.78,200,false,51,95.74
write,key-18,103.93,201,false,58,0.00
read,key-6,55.39,200,false,50,116.51
write,key-6,103.61,201,false,51,0.00
read,key-16,51.64,200,false,59,122.94
write,key-2,103.18,201,false,57,0.00
write,key-1,103.50,201,false,58,0.00
read,key-5,53.63,200,false,59,395.21
write,key-4,104.20,201,false,54,0.00
read,key-3,52.18,200,false,63,298.99
write,key-1,103.84,201,false,59,0.00
write,key-7,102.86,201,false,50,0.00
write,key-18,105.88,201,false,59,0.00
read,key-12,53.58,200,false,64,264.23
read,key-3,53.58,200,false,63,308.32
write,key-8,104.22,201,false,63,0.00
write,key-13,106.78,201,false,65,0.00
write,key-18,106.95,201,false,60,0.00
write,key-10,108.45,201,false,71,0.00
read,key-7,52.63,200,false,50,19.56
read,key-15,51.86,200,false,70,239.59
read,key-17,53.73,200,false,52,173.86
read,key-16,52.73,200,false,59,183.54
write,key-17,108.28,201,false,52,0.00
write,key-12,103.50,201,false,65,0.00
write,key-11,106.89,201,false,55,0.00
read,key-19,52.00,200,false,61,599.60
read,key-8,52.19,200,false,63,46.39
read,key-17,55.30,200,false,52,26.57
write,key-1,104.00,201,false,60,0.00
read,key-14,52.54,200,false,60,159.33
read,key-14,53.48,200,false,61,169.38
write,key-19,104.50,201,false,62,0.00
read,key-2,55.02,200,false,57,102.54
read,key-2,52.41,200,false,57,104.26
write,key-16,104.19,201,false,60,0.00
read,key-7,53.75,200,false,50,82.80
read,key-1,53.16,200,false,60,26.59
read,key-19,52.52,200,false,62,19.40
read,key-17,51.76,200,false,52,63.77
read,key-4,51.45,200,false,54,118.51
read,key-8,54.32,200,false,64,100.71
write,key-8,105.78,201,false,64,0.00
write,key-14,104.35,201,false,61,0.00
write,key-13,104.35,201,false,66,0.00
write,key-1,105.89,201,false,61,0.00
read,key-1,52.56,200,false,61,1.77
write,key-15,104.07,201,false,71,0.00
read,key-13,53.81,200,false,67,19.40
write,key-2,104.15,201,false,58,0.00
read,key-13,55.40,200,false,67,24.34
read,key-1,50.97,200,false,61,23.50
read,key-11,52.24,200,false,55,91.82
read,key-9,52.42,200,false,71,432.06
read,key-5,53.44,200,false,59,568.43
read,key-15,52.73,200,false,71,42.40
read,key-17,52.73,200,false,53,126.78
read,key-19,52.24,200,false,62,86.66
write,key-18,103.30,201,false,61,0.00
write,key-17,105.46,201,false,53,0.00
read,key-4,52.08,200,false,54,189.59
write,key-13,103.33,201,false,67,0.00
write,key-1,107.90,201,false,62,0.00
read,key-12,55.27,200,false,65,151.56
write,key-0,106.48,201,false,61,0.00
read,key-4,52.57,200,false,54,221.87
read,key-10,55.66,200,false,71,188.45
write,key-10,108.08,201,false,72,0.00
write,key-6,108.40,201,false,52,0.00
read,key-14,57.64,200,false,61,108.80
read,key-9,58.25,200,false,71,503.54
write,key-16,104.03,201,false,61,0.00
write,key-0,106.80,201,false,62,0.00
read,key-12,54.97,200,false,65,183.34
write,key-4,103.62,201,false,55,0.00
read,key-18,51.83,200,false,61,73.26
write,key-16,103.17,201,false,62,0.00
write,key-5,104.81,201,false,60,0.00
write,key-18,108.41,201,false,62,0.00
read,key-15,57.91,200,false,71,142.27
write,key-4,103.47,201,false,56,0.00
write,key-16,104.28,201,false,63,0.00
write,key-10,104.20,201,false,73,0.00
read,key-7,51.81,200,false,50,267.97
read,key-13,52.24,200,false,67,95.44
read,key-5,66.75,200,false,60,35.43
write,key-15,107.03,201,false,72,0.00
read,key-11,55.16,200,false,55,242.32
read,key-4,52.78,200,false,56,24.57
read,key-19,52.19,200,false,62,215.76
write,key-14,104.22,201,false,62,0.00
write,key-11,104.22,201,false,56,0.00
read,key-18,52.26,200,false,62,52.26
write,key-6,105.42,201,false,53,0.00
read,key-4,52.35,200,false,56,52.35
write,key-7,104.67,201,false,51,0.00
write,key-7,104.81,201,false,52,0.00
read,key-13,54.61,200,false,69,149.01
write,key-8,104.81,201,false,65,0.00
read,key-18,55.34,200,false,62,82.72
write,key-13,105.43,201,false,68,0.00
write,key-11,104.76,201,false,57,0.00
read,key-3,51.98,200,false,63,644.94
read,key-17,55.22,200,false,53,177.00
read,key-14,52.06,200,false,62,45.17
write,key-17,104.63,201,false,54,0.00
write,key-13,104.62,201,false,69,0.00
write,key-6,104.28,201,false,54,0.00
write,key-18,105.45,201,false,63,0.00
write,key-12,104.97,201,false,66,0.00
write,key-14,104.98,201,false,63,0.00
write,key-0,104.98,201,false,63,0.00
write,key-9,108.29,201,false,72,0.00
write,key-15,104.30,201,false,73,0.00
